{"engineId":"41ca60c9-3b69-4dd0-99ca-75b5c7f4cd5b","engineName":"GITJ_P","rdbmsId":"0d6cf447-1e46-4aca-b41d-eee318c89ff9","varstore":{},"frames":[{"file":"@BaseFolder@\\db\\@ENGINE@\\version\\0d6cf447-1e46-4aca-b41d-eee318c89ff9\\FRAME.gz","meta":"@BaseFolder@\\db\\@ENGINE@\\version\\0d6cf447-1e46-4aca-b41d-eee318c89ff9\\METADATA__FRAME.owl","state":null,"type":"prerna.ds.h2.H2Frame","name":"FRAME","keys":["$CUR_FRAME_KEY","FRAME"]}],"panels":[{"panelId":"0","panelLabel":null,"view":"visualization","viewOptions":null,"viewOptionsMap":"{}","ornaments":"{}","events":"{}","comments":"{}","position":"{}","filters":[],"order":[],"cbv":{}}],"tasks":{"tasks":[{"type":"basic","task":{"taskType":"basic","id":"task1","numCollected":500,"internalOffset":0,"taskOptions":"{\"options\":{\"0\":{\"layout\":\"Grid\",\"alignment\":{\"label\":[\"zip\",\"FY15CLEAN\",\"contract_id\",\"vendor\",\"state_1\",\"type_of_work\",\"obligated\"]}}}}","qs":{"qsType":"FRAME","isDistinct":true,"overrideImplicit":false,"limit":500,"offset":0,"relations":"[]","selectors":[{"type":"COLUMN","content":{"table":"zip","column":"PRIM_KEY_PLACEHOLDER","alias":"zip","tableAlias":null}},{"type":"COLUMN","content":{"table":"FY15CLEAN","column":"PRIM_KEY_PLACEHOLDER","alias":"FY15CLEAN","tableAlias":null}},{"type":"COLUMN","content":{"table":"contract_id","column":"PRIM_KEY_PLACEHOLDER","alias":"contract_id","tableAlias":null}},{"type":"COLUMN","content":{"table":"vendor","column":"PRIM_KEY_PLACEHOLDER","alias":"vendor","tableAlias":null}},{"type":"COLUMN","content":{"table":"state_1","column":"PRIM_KEY_PLACEHOLDER","alias":"state_1","tableAlias":null}},{"type":"COLUMN","content":{"table":"type_of_work","column":"PRIM_KEY_PLACEHOLDER","alias":"type_of_work","tableAlias":null}},{"type":"COLUMN","content":{"table":"obligated","column":"PRIM_KEY_PLACEHOLDER","alias":"obligated","tableAlias":null}}]}}}],"taskCounter":2},"recipe":["AddPanel ( 0 ) ;","Panel ( 0 ) | SetPanelView ( \"visualization\" ) ;","CreateFrame ( grid ) .as ( [ FRAME ] ) ;","Database ( \"41ca60c9-3b69-4dd0-99ca-75b5c7f4cd5b\" ) | Select ( FY15CLEAN__zip , FY15CLEAN , FY15CLEAN__contract_id , FY15CLEAN__vendor , FY15CLEAN__state_1 , FY15CLEAN__type_of_work , FY15CLEAN__obligated ) | Limit ( 500 ) | Import ( ) ;","Frame ( ) | Select ( zip , FY15CLEAN , contract_id , vendor , state_1 , type_of_work , obligated ) | Format ( type = [ 'table' ] ) | TaskOptions ( { \"0\" : { \"layout\" : \"Grid\" , \"alignment\" : { \"label\" : [ \"zip\" , \"FY15CLEAN\" , \"contract_id\" , \"vendor\" , \"state_1\" , \"type_of_work\" , \"obligated\" ] } } } ) | Collect ( 500 ) ;"]}