{"insightID":"7bc6875f-c2ea-44bc-b458-078baf28979e","pixelReturn":[{"pixelExpression":"Frame ( ) | Select ( zip , FY15CLEAN , contract_id , vendor , state_1 , type_of_work , obligated ) | Format ( type = [ 'table' ] ) | TaskOptions ( { \"0\" : { \"layout\" : \"Grid\" , \"alignment\" : { \"label\" : [ \"zip\" , \"FY15CLEAN\" , \"contract_id\" , \"vendor\" , \"state_1\" , \"type_of_work\" , \"obligated\" ] } } } ) | Collect ( 500 ) ;","isMeta":false,"output":{"data":{"values":[[660,488,1.4247049849664988E16,"GUARDIAN_ENVIRONMENTAL_SERVICES_COMPANY,_INC.","PR","ENVIRONMENTAL_REMEDIATION",50000.0],[783,286,4.8003347499303571E17,"GUARDIAN_ENVIRONMENTAL_SERVICES_COMPANY,_INC.","PR","ENVIRONMENTAL_REMEDIATION",50000.0],[901,287,7.7172402394781392E16,"ENVIRONMENTAL_RESTORATION,_LLC","PR","ENVIRONMENTAL_REMEDIATION",10000.0],[901,342,5.966446142098883E22,"ENVIRONMENTAL_RESTORATION,_LLC","PR","ENVIRONMENTAL_REMEDIATION",15700.0],[1810,186,1.9445440715787026E20,"WESTON_SOLUTIONS_INCORPORATED","MA","ENVIRONMENTAL_REMEDIATION",24775.62],[1810,12,3.268141240431618E19,"WESTON_SOLUTIONS_INCORPORATED","MA","ENVIRONMENTAL_REMEDIATION",18712.35],[1810,379,6.713544298678342E19,"WESTON_SOLUTIONS_INCORPORATED","MA","ENVIRONMENTAL_REMEDIATION",919.5],[1913,344,8.104474555913264E16,"GUARDIAN_ENVIRONMENTAL_SERVICES_COMPANY,_INC.","MA","ENVIRONMENTAL_REMEDIATION",200000.0],[1913,406,4.7829438233090528E16,"GUARDIAN_ENVIRONMENTAL_SERVICES_COMPANY,_INC.","MA","ENVIRONMENTAL_REMEDIATION",100000.0],[1913,177,4.991137558523509E19,"GUARDIAN_ENVIRONMENTAL_SERVICES_COMPANY,_INC.","MA","ENVIRONMENTAL_REMEDIATION",400000.0],[2109,449,6.8865849771673048E16,"CLEAN_HARBORS_ENVIRONMENTAL_SERVICES,_INC.","MA","ENVIRONMENTAL_REMEDIATION",10000.0],[2109,37,9.101176147458046E18,"CLEAN_HARBORS_ENVIRONMENTAL_SERVICES,_INC.","MA","ENVIRONMENTAL_REMEDIATION",10000.0],[2109,100,6.549873153011997E21,"CLEAN_HARBORS_ENVIRONMENTAL_SERVICES,_INC.","MA","ENVIRONMENTAL_REMEDIATION",10000.0],[2127,254,3.0870604827879545E20,"GUARDIAN_ENVIRONMENTAL_SERVICES_COMPANY,_INC.","MA","ENVIRONMENTAL_REMEDIATION",15000.0],[2169,450,4.4700444429471968E17,"GUARDIAN_ENVIRONMENTAL_SERVICES_COMPANY,_INC.","MA","ENVIRONMENTAL_REMEDIATION",400000.0],[2633,499,5.706024549871043E21,"WATERVISION,_LLC","MA","F_ENVIRON_IMPACT_STMTS/ASSESSMENTS,_TECH_ANALYSIS/ENVIRON_AUDITS",39965.0],[2777,6,6.657651839436585E21,"GUARDIAN_ENVIRONMENTAL_SERVICES_COMPANY,_INC.","MA","ENVIRONMENTAL_REMEDIATION",50000.0],[3055,301,3.9144175443347256E18,"GUARDIAN_ENVIRONMENTAL_SERVICES_COMPANY,_INC.","NH","ENVIRONMENTAL_REMEDIATION",272500.0],[6037,435,1.91309642207723776E17,"GUARDIAN_ENVIRONMENTAL_SERVICES_COMPANY,_INC.","CT","ENVIRONMENTAL_REMEDIATION",51.11],[6119,489,7.21781648819228E16,"GUARDIAN_ENVIRONMENTAL_SERVICES_COMPANY,_INC.","CT","ENVIRONMENTAL_REMEDIATION",209.53],[6779,116,4.859590830473391E24,"GUARDIAN_ENVIRONMENTAL_SERVICES_COMPANY,_INC.","CT","ENVIRONMENTAL_REMEDIATION",100000.0],[7011,303,2.5565178341090693E19,"ENVIRONMENTAL_RESTORATION,_LLC","NJ","ENVIRONMENTAL_REMEDIATION",35000.0],[7011,284,3.7407456407824347E21,"ENVIRONMENTAL_RESTORATION,_LLC","NJ","ENVIRONMENTAL_REMEDIATION",25000.0],[7080,498,4.991014804828822E22,"ENVIRONMENTAL_RESTORATION,_L.L.C.","NJ","ENVIRONMENTAL_REMEDIATION",250000.0],[7104,168,7.004957112600595E15,"KEMRON_ENVIRONMENTAL_SERVICES,_INC.","NJ","ENVIRONMENTAL_REMEDIATION",10000.0],[7199,472,5.844351174983261E19,"ENVIRONMENTAL_RESTORATION,_L.L.C.","NJ","ENVIRONMENTAL_REMEDIATION",75000.0],[7505,103,5.648015505894688E16,"KEMRON_ENVIRONMENTAL_SERVICES,_INC.","NJ","ENVIRONMENTAL_REMEDIATION",12000.0],[7882,410,3.5993784999418184E22,"ENVIRONMENTAL_RESTORATION,_L.L.C.","NJ","ENVIRONMENTAL_REMEDIATION",15000.0],[7930,48,7.309481028562E12,"ENVIRONMENTAL_RESTORATION,_LLC","NJ","ENVIRONMENTAL_REMEDIATION",300000.0],[7930,229,6.2902940016525747E17,"ENVIRONMENTAL_RESTORATION,_LLC","NJ","ENVIRONMENTAL_REMEDIATION",200000.0],[8360,421,4.1706643993346984E16,"ENVIRONMENTAL_RESTORATION,_L.L.C.","NJ","ENVIRONMENTAL_REMEDIATION",150000.0],[8562,367,4.266184918990321E19,"GUARDIAN_ENVIRONMENTAL_SERVICES_COMPANY,_INC.","NJ","ENVIRONMENTAL_REMEDIATION",25000.0],[8691,204,1.9892546181779564E20,"PARS_ENVIRONMENTAL_INC.","NJ","ENVIRONMENTAL_CONSULTING_AND_LEGAL_SUPPORT",76219.0],[8691,84,2.424535516185366E24,"PARS_ENVIRONMENTAL_INC.","NJ","ENVIRONMENTAL_CONSULTING_AND_LEGAL_SUPPORT",74088.09],[8691,119,3.0840653686747863E20,"PARS_ENVIRONMENTAL_INC.","NJ","ENVIRONMENTAL_CONSULTING_AND_LEGAL_SUPPORT",221130.0],[8837,341,7.2147441095594352E16,"WESTON_SOLUTIONS,_INC.","NJ","ENVIRONMENTAL_REMEDIATION",1000000.0],[8837,75,4.701274836667129E19,"WESTON_SOLUTIONS,_INC.","NJ","ENVIRONMENTAL_REMEDIATION",80000.0],[8837,333,1.5367150934876809E22,"WESTON_SOLUTIONS,_INC.","NJ","ENVIRONMENTAL_REMEDIATION",213792.0],[8837,343,5.04419084800953E20,"WESTON_SOLUTIONS,_INC.","NJ","ENVIRONMENTAL_REMEDIATION",2808.0],[8837,351,8.9702423949886182E17,"SEAGULL_ENVIRONMENTAL_TECHNOLOGIES,_INC.","NJ","F_ENVIRON_IMPACT_STMTS/ASSESSMENTS,_TECH_ANALYSIS/ENVIRON_AUDITS",101000.0],[8837,214,3.5802749298711644E16,"WESTON_SOLUTIONS,_INC.","NJ","ENVIRONMENTAL_REMEDIATION",30000.0],[8837,322,4.5517094372137656E16,"WESTON_SOLUTIONS,_INC.","NJ","ENVIRONMENTAL_REMEDIATION",35000.0],[8837,483,5.490975524194071E19,"WESTON_SOLUTIONS,_INC.","NJ","ENVIRONMENTAL_REMEDIATION",86789.27],[8837,276,9.567824428589276E19,"WESTON_SOLUTIONS,_INC.","NJ","ENVIRONMENTAL_REMEDIATION",167600.0],[8837,164,1.3575096475332844E16,"WESTON_SOLUTIONS,_INC.","NJ","ENVIRONMENTAL_REMEDIATION",40000.0],[8837,255,2.5752132740691924E21,"WESTON_SOLUTIONS,_INC.","NJ","ENVIRONMENTAL_REMEDIATION",102000.0],[8837,179,2.9778699460999823E19,"KEMRON_ENVIRONMENTAL_SERVICES,_INC.","NJ","ENVIRONMENTAL_REMEDIATION",10000.0],[8837,414,6.027683044685054E19,"WESTON_SOLUTIONS,_INC.","NJ","ENVIRONMENTAL_REMEDIATION",257144.38],[8837,310,2.392547541504193E15,"WESTON_SOLUTIONS,_INC.","NJ","ENVIRONMENTAL_REMEDIATION",17235.0],[8837,423,6.938013064499513E20,"WESTON_SOLUTIONS,_INC.","NJ","ENVIRONMENTAL_REMEDIATION",50000.0],[8837,416,1.0643534499208806E20,"WESTON_SOLUTIONS,_INC.","NJ","ENVIRONMENTAL_REMEDIATION",3000.0],[8837,295,1.6517430842658441E24,"WESTON_SOLUTIONS,_INC.","NJ","ENVIRONMENTAL_REMEDIATION",54000.0],[8837,101,9.95742132774984E15,"WESTON_SOLUTIONS,_INC.","NJ","ENVIRONMENTAL_REMEDIATION",55000.0],[8837,38,1.871268174188576E15,"WESTON_SOLUTIONS,_INC.","NJ","ENVIRONMENTAL_REMEDIATION",100000.0],[12533,334,7.414790494513876E22,"GUARDIAN_ENVIRONMENTAL_SERVICES_COMPANY,_INC.","NY","ENVIRONMENTAL_REMEDIATION",50000.0],[12834,426,3.342146646408658E16,"GUARDIAN_ENVIRONMENTAL_SERVICES_COMPANY,_INC.","NY","ENVIRONMENTAL_REMEDIATION",30000.0],[12850,431,7.695143898461842E20,"ENVIRONMENTAL_RESTORATION,_L.L.C.","NY","ENVIRONMENTAL_REMEDIATION",147000.0],[13619,372,4.990447584897664E17,"GUARDIAN_ENVIRONMENTAL_SERVICES_COMPANY,_INC.","NY","ENVIRONMENTAL_REMEDIATION",1500000.0],[13670,415,3.4716062478112543E19,"GUARDIAN_ENVIRONMENTAL_SERVICES_COMPANY,_INC.","NY","ENVIRONMENTAL_REMEDIATION",750000.0],[13690,39,9.323622171317574E18,"ENVIRONMENTAL_RESTORATION,_LLC","NY","ENVIRONMENTAL_REMEDIATION",130000.0],[13690,340,8.03047454848098E22,"ENVIRONMENTAL_RESTORATION,_LLC","NY","ENVIRONMENTAL_REMEDIATION",100000.0],[14036,47,8.6756507545E10,"KEMRON_ENVIRONMENTAL_SERVICES,_INC.","NY","ENVIRONMENTAL_REMEDIATION",200000.0],[14211,484,5.7523674082594724E20,"GUARDIAN_ENVIRONMENTAL_SERVICES_COMPANY,_INC.","NY","ENVIRONMENTAL_REMEDIATION",400000.0],[14211,64,4.1246700876604375E21,"KEMRON_ENVIRONMENTAL_SERVICES,_INC.","NY","ENVIRONMENTAL_REMEDIATION",40000.0],[14212,270,9.841102049282939E18,"ENVIRONMENTAL_RESTORATION,_LLC","NY","ENVIRONMENTAL_REMEDIATION",85000.0],[14807,55,6.8495340845241075E17,"KEMRON_ENVIRONMENTAL_SERVICES,_INC.","NY","ENVIRONMENTAL_REMEDIATION",30000.0],[14903,476,8.583781434770822E19,"ENVIRONMENTAL_RESTORATION,_L.L.C.","NY","ENVIRONMENTAL_REMEDIATION",25000.0],[14904,371,5.527016664284245E20,"ENVIRONMENTAL_RESTORATION,_L.L.C.","NY","ENVIRONMENTAL_REMEDIATION",500000.0],[19380,355,8.652331415889841E21,"WESTON_SOLUTIONS_INCORPORATED","PA","ENVIRONMENTAL_REMEDIATION",200000.0],[19380,298,8.5549264648258949E18,"WESTON_SOLUTIONS_INCORPORATED","PA","ENVIRONMENTAL_REMEDIATION",100000.0],[19380,349,3.013564944057943E18,"WESTON_SOLUTIONS_INCORPORATED","PA","ENVIRONMENTAL_REMEDIATION",10000.0],[19380,347,1.62024140863836621E18,"WESTON_SOLUTIONS_INCORPORATED","PA","ENVIRONMENTAL_REMEDIATION",1000000.0],[19380,350,6.603122844595441E21,"WESTON_SOLUTIONS_INCORPORATED","PA","ENVIRONMENTAL_REMEDIATION",800000.0],[19702,400,7.142087998419851E24,"GUARDIAN_ENVIRONMENTAL_SERVICES_COMPANY,_INC.","DE","ENVIRONMENTAL_REMEDIATION",150000.0],[20004,153,7.8141011066054304E16,"LOGICAL_DATA_SOLUTIONS,_INC","DC","WATER_QUALITY_SUPPORT",3714.0],[20406,368,5.844293394514997E22,"NEUROBEHAVIORAL_TERATOLOGY_SOCIETY","DC","ENVIRONMENTAL_CONSULTING_AND_LEGAL_SUPPORT",25000.0],[20460,370,8.326146467976054E19,"ABT_ASSOCIATES_INC.","DC","TOXIC_AND_HAZARDOUS_SUBSTANCE_ANALYSIS",17000.0],[20460,473,4.8102234883854981E18,"ABT_ASSOCIATES_INC.","DC","TOXIC_AND_HAZARDOUS_SUBSTANCE_ANALYSIS",158000.0],[20755,383,6.070304686921429E20,"ENVIRONMENTAL_MANAGEMENT_SERVICES_INC","MD","ENVIRONMENTAL_REMEDIATION",145000.0],[20755,167,5.340701437076154E21,"ENVIRONMENTAL_MANAGEMENT_SERVICES_INC","MD","ENVIRONMENTAL_REMEDIATION",15636.73],[30303,495,5.0765253745298138E17,"TETRA_TECH,_INC.","GA","ENVIRONMENTAL_REMEDIATION",30000.0],[30303,4,1.4169294739061663E20,"TETRA_TECH,_INC.","GA","ENVIRONMENTAL_REMEDIATION",30500.0],[30303,321,2.6691184724908475E23,"ONEIDA_TOTAL_INTEGRATED_ENTERPRISES,_LLC","GA","ENVIRONMENTAL_REMEDIATION",50000.0],[30303,281,5.301531344099864E22,"TETRA_TECH,_INC.","GA","ENVIRONMENTAL_REMEDIATION",117680.0],[30303,404,8.7723691548814E21,"TETRA_TECH,_INC.","GA","ENVIRONMENTAL_REMEDIATION",409344.54],[30303,224,2.1042644209413652E16,"ACCURA_ENGINEERING_AND_CONSULTING_SERVICES,_INC.","GA","ENVIRONMENTAL_CONSULTING_AND_LEGAL_SUPPORT",15000.0],[30303,285,1.21497407107893222E18,"TETRA_TECH,_INC.","GA","ENVIRONMENTAL_REMEDIATION",255781.0],[30303,413,2.17877654901391616E18,"TETRA_TECH,_INC.","GA","ENVIRONMENTAL_REMEDIATION",65223.0],[30303,366,8.196422903294294E15,"TETRA_TECH,_INC.","GA","ENVIRONMENTAL_REMEDIATION",268578.0],[30303,34,7.843542403039637E21,"TETRA_TECH,_INC.","GA","ENVIRONMENTAL_REMEDIATION",30000.0],[30303,363,6.1025927428705874E18,"ONEIDA_TOTAL_INTEGRATED_ENTERPRISES,_LLC","GA","ENVIRONMENTAL_REMEDIATION",55000.0],[30303,380,4.5998460425050246E17,"ACCURA_ENGINEERING_AND_CONSULTING_SERVICES,_INC.","GA","ENVIRONMENTAL_CONSULTING_AND_LEGAL_SUPPORT",75000.0],[30303,318,2.795044161872646E20,"TETRA_TECH,_INC.","GA","ENVIRONMENTAL_REMEDIATION",15000.0],[30303,362,2.581697438643092E21,"ONEIDA_TOTAL_INTEGRATED_ENTERPRISES,_LLC","GA","ENVIRONMENTAL_REMEDIATION",200000.0],[30303,394,4.694399347429497E19,"ONEIDA_TOTAL_INTEGRATED_ENTERPRISES,_LLC","GA","ENVIRONMENTAL_REMEDIATION",23000.0],[30303,202,4.4925409547300828E18,"ONEIDA_TOTAL_INTEGRATED_ENTERPRISES,_LLC","GA","ENVIRONMENTAL_REMEDIATION",36745.0],[30303,487,1.9703314700553555E20,"ONEIDA_TOTAL_INTEGRATED_ENTERPRISES,_LLC","GA","ENVIRONMENTAL_REMEDIATION",243504.0],[30303,317,1.12013949852837376E17,"TETRA_TECH,_INC.","GA","ENVIRONMENTAL_REMEDIATION",50000.0],[30303,393,3.690145891982981E15,"TETRA_TECH,_INC.","GA","ENVIRONMENTAL_REMEDIATION",200000.0],[30303,407,4.604981854083912E21,"TETRA_TECH,_INC.","GA","ENVIRONMENTAL_REMEDIATION",28355.0],[30303,365,9.04319470851514E14,"ONEIDA_TOTAL_INTEGRATED_ENTERPRISES,_LLC","GA","ENVIRONMENTAL_REMEDIATION",100000.0],[30303,493,7.545189077419172E21,"TETRA_TECH,_INC.","GA","ENVIRONMENTAL_REMEDIATION",100000.0],[30303,180,3.2721340826017366E19,"TETRA_TECH,_INC.","GA","ENVIRONMENTAL_REMEDIATION",50000.0],[30303,144,4.7105229056945797E18,"ONEIDA_TOTAL_INTEGRATED_ENTERPRISES,_LLC","GA","ENVIRONMENTAL_REMEDIATION",100000.0],[30303,33,6.889308483402649E21,"ACCURA_ENGINEERING_AND_CONSULTING_SERVICES,_INC.","GA","ENVIRONMENTAL_CONSULTING_AND_LEGAL_SUPPORT",169910.4],[30303,113,6.008757261575018E19,"ONEIDA_TOTAL_INTEGRATED_ENTERPRISES,_LLC","GA","ENVIRONMENTAL_REMEDIATION",100000.0],[30303,268,8.3742149585568E13,"ONEIDA_TOTAL_INTEGRATED_ENTERPRISES,_LLC","GA","ENVIRONMENTAL_REMEDIATION",100000.0],[30303,226,2.691572891408556E21,"ACCURA_ENGINEERING_AND_CONSULTING_SERVICES,_INC.","GA","ENVIRONMENTAL_CONSULTING_AND_LEGAL_SUPPORT",15000.0],[30303,485,5.033541642268871E21,"ONEIDA_TOTAL_INTEGRATED_ENTERPRISES,_LLC","GA","ENVIRONMENTAL_REMEDIATION",206496.0],[30303,17,2.63031029649808992E17,"TETRA_TECH,_INC.","GA","ENVIRONMENTAL_REMEDIATION",50000.0],[30303,203,9.792756744692287E22,"TETRA_TECH,_INC.","GA","ENVIRONMENTAL_REMEDIATION",48100.0],[30303,390,9.279334709703828E15,"TETRA_TECH,_INC.","GA","ENVIRONMENTAL_REMEDIATION",145452.0],[30303,230,2.2549189549850378E20,"TETRA_TECH,_INC.","GA","ENVIRONMENTAL_REMEDIATION",224000.0],[30303,306,5.992534657857979E15,"TETRA_TECH,_INC.","GA","ENVIRONMENTAL_REMEDIATION",100000.0],[30303,91,4.117168869931E12,"ONEIDA_TOTAL_INTEGRATED_ENTERPRISES,_LLC","GA","ENVIRONMENTAL_REMEDIATION",170000.0],[30303,194,5.9428460474559347E17,"ONEIDA_TOTAL_INTEGRATED_ENTERPRISES,_LLC","GA","ENVIRONMENTAL_REMEDIATION",60000.0],[30303,442,6.2516964088671578E17,"TETRA_TECH,_INC.","GA","ENVIRONMENTAL_REMEDIATION",500000.0],[30303,21,5.7292958445374522E17,"TETRA_TECH,_INC.","GA","ENVIRONMENTAL_REMEDIATION",166500.0],[30303,395,3.9384444344425042E18,"ONEIDA_TOTAL_INTEGRATED_ENTERPRISES,_LLC","GA","ENVIRONMENTAL_REMEDIATION",409344.54],[30303,158,2.0058740021238833E19,"ONEIDA_TOTAL_INTEGRATED_ENTERPRISES,_LLC","GA","ENVIRONMENTAL_REMEDIATION",85000.0],[30303,32,2.6752899082507474E18,"TETRA_TECH,_INC.","GA","ENVIRONMENTAL_REMEDIATION",24400.0],[30303,89,7.41871411407327E20,"ONEIDA_TOTAL_INTEGRATED_ENTERPRISES,_LLC","GA","ENVIRONMENTAL_REMEDIATION",50000.0],[30303,316,1.794117546873149E15,"TETRA_TECH,_INC.","GA","ENVIRONMENTAL_REMEDIATION",7500.0],[30303,354,3.3513483905945974E18,"ACCURA_ENGINEERING_AND_CONSULTING_SERVICES,_INC.","GA","ENVIRONMENTAL_CONSULTING_AND_LEGAL_SUPPORT",21220.88],[30303,307,1.8706934594269896E16,"ONEIDA_TOTAL_INTEGRATED_ENTERPRISES,_LLC","GA","ENVIRONMENTAL_REMEDIATION",100000.0],[30303,45,6.221828015777424E22,"ONEIDA_TOTAL_INTEGRATED_ENTERPRISES,_LLC","GA","ENVIRONMENTAL_REMEDIATION",50000.0],[30303,320,8.745847415331836E20,"ONEIDA_TOTAL_INTEGRATED_ENTERPRISES,_LLC","GA","ENVIRONMENTAL_REMEDIATION",50000.0],[30303,299,1.918339410007218E20,"ACCURA_ENGINEERING_AND_CONSULTING_SERVICES,_INC.","GA","ENVIRONMENTAL_CONSULTING_AND_LEGAL_SUPPORT",15000.0],[30303,267,6.55416413348728E21,"ACCURA_ENGINEERING_AND_CONSULTING_SERVICES,_INC.","GA","ENVIRONMENTAL_CONSULTING_AND_LEGAL_SUPPORT",15000.0],[30303,124,5.5099577505272594E19,"TETRA_TECH,_INC.","GA","ENVIRONMENTAL_REMEDIATION",150000.0],[30303,273,8.909208714457685E24,"ONEIDA_TOTAL_INTEGRATED_ENTERPRISES,_LLC","GA","ENVIRONMENTAL_REMEDIATION",100000.0],[30303,225,6.849684379975068E21,"ACCURA_ENGINEERING_AND_CONSULTING_SERVICES,_INC.","GA","ENVIRONMENTAL_CONSULTING_AND_LEGAL_SUPPORT",15000.0],[30303,18,2.2746649824346866E24,"TETRA_TECH,_INC.","GA","ENVIRONMENTAL_REMEDIATION",24400.0],[30303,227,4.171602114032311E22,"ACCURA_ENGINEERING_AND_CONSULTING_SERVICES,_INC.","GA","ENVIRONMENTAL_CONSULTING_AND_LEGAL_SUPPORT",15000.0],[30303,293,4.47334368955E12,"TETRA_TECH,_INC.","GA","ENVIRONMENTAL_REMEDIATION",250000.0],[30303,494,1.8544532496498794E19,"TETRA_TECH,_INC.","GA","ENVIRONMENTAL_REMEDIATION",100000.0],[30303,391,7.586436549132308E19,"TETRA_TECH,_INC.","GA","ENVIRONMENTAL_REMEDIATION",70091.0],[30303,360,7.6779024914811216E16,"TETRA_TECH,_INC.","GA","ENVIRONMENTAL_REMEDIATION",100000.0],[30303,364,3.4983430142157427E21,"ONEIDA_TOTAL_INTEGRATED_ENTERPRISES,_LLC","GA","ENVIRONMENTAL_REMEDIATION",150000.0],[30303,223,9.4164278334875763E17,"ACCURA_ENGINEERING_AND_CONSULTING_SERVICES,_INC.","GA","ENVIRONMENTAL_CONSULTING_AND_LEGAL_SUPPORT",15000.0],[30303,336,9.884967742982007E20,"TETRA_TECH,_INC.","GA","ENVIRONMENTAL_REMEDIATION",75000.0],[30318,169,9.114175878068057E21,"KEMRON_ENVIRONMENTAL_SERVICES,_INC.","GA","ENVIRONMENTAL_REMEDIATION",30000.0],[30318,44,3.893236050938215E17,"KEMRON_ENVIRONMENTAL_SERVICES,_INC.","GA","ENVIRONMENTAL_REMEDIATION",10000.0],[30318,26,4.625217534405639E15,"KEMRON_ENVIRONMENTAL_SERVICES,_INC.","GA","ENVIRONMENTAL_REMEDIATION",30000.0],[30318,77,8.968461576741861E20,"KEMRON_ENVIRONMENTAL_SERVICES,_INC.","GA","ENVIRONMENTAL_REMEDIATION",250000.0],[32561,200,7.2690145767038331E18,"BIONOMICS,_INC.","FL","TOXIC_AND_HAZARDOUS_SUBSTANCE_ANALYSIS",4050.0],[40356,323,1.88284898149082E19,"C_M_C,_INC.","KY","ENVIRONMENTAL_REMEDIATION",665000.0],[40356,121,8.732718499864483E22,"C_M_C,_INC.","KY","ENVIRONMENTAL_REMEDIATION",15000.0],[40356,66,6.2006003191651136E17,"C_M_C,_INC.","KY","ENVIRONMENTAL_REMEDIATION",300000.0],[40356,399,2.2504246386404184E16,"C_M_C,_INC.","KY","ENVIRONMENTAL_REMEDIATION",500000.0],[40356,398,3.282212464108418E18,"C_M_C,_INC.","KY","ENVIRONMENTAL_REMEDIATION",70000.0],[40356,58,5.4106344396216851E17,"C_M_C,_INC.","KY","ENVIRONMENTAL_REMEDIATION",200000.0],[40356,417,5.3102094889589152E16,"C_M_C,_INC.","KY","ENVIRONMENTAL_REMEDIATION",300000.0],[40356,296,9.1932748349778867E17,"C_M_C,_INC.","KY","ENVIRONMENTAL_REMEDIATION",500000.0],[40356,418,8.774893024612788E24,"C_M_C,_INC.","KY","ENVIRONMENTAL_REMEDIATION",350000.0],[40356,155,9.1747258339758669E17,"C_M_C,_INC.","KY","ENVIRONMENTAL_REMEDIATION",200000.0],[40356,184,6.4244085211394E13,"C_M_C,_INC.","KY","ENVIRONMENTAL_REMEDIATION",35000.0],[40356,141,6.2080416450205112E16,"C_M_C,_INC.","KY","ENVIRONMENTAL_REMEDIATION",100000.0],[40356,143,5.092985968412435E20,"C_M_C,_INC.","KY","ENVIRONMENTAL_REMEDIATION",40000.0],[40356,405,2.4677759439882805E19,"C_M_C,_INC.","KY","ENVIRONMENTAL_REMEDIATION",20000.0],[40356,183,3.967148963493596E24,"C_M_C,_INC.","KY","ENVIRONMENTAL_REMEDIATION",40000.0],[40356,170,1.0267328253729E13,"C_M_C,_INC.","KY","ENVIRONMENTAL_REMEDIATION",75000.0],[40356,86,5.6135305016624404E18,"C_M_C,_INC.","KY","ENVIRONMENTAL_REMEDIATION",10000.0],[40356,102,5.85204865742926E24,"C_M_C,_INC.","KY","ENVIRONMENTAL_REMEDIATION",55000.0],[40356,88,6.5699094648509024E16,"C_M_C,_INC.","KY","ENVIRONMENTAL_REMEDIATION",200000.0],[40356,297,2.10064415219076096E18,"C_M_C,_INC.","KY","ENVIRONMENTAL_REMEDIATION",50000.0],[40356,29,4.784079984333527E17,"C_M_C,_INC.","KY","ENVIRONMENTAL_REMEDIATION",850000.0],[40356,304,7.333409854755329E19,"C_M_C,_INC.","KY","ENVIRONMENTAL_REMEDIATION",800000.0],[40356,191,9.83410886425846E22,"C_M_C,_INC.","KY","ENVIRONMENTAL_REMEDIATION",90000.0],[40356,272,1.949545588206318E19,"C_M_C,_INC.","KY","ENVIRONMENTAL_REMEDIATION",50000.0],[40356,51,8.582194303471946E22,"C_M_C,_INC.","KY","ENVIRONMENTAL_REMEDIATION",90000.0],[40356,28,4.1898360909248867E21,"C_M_C,_INC.","KY","ENVIRONMENTAL_REMEDIATION",55000.0],[40356,125,5.1320288965136432E16,"C_M_C,_INC.","KY","ENVIRONMENTAL_REMEDIATION",200000.0],[40356,486,4.4740614846664947E17,"C_M_C,_INC.","KY","ENVIRONMENTAL_REMEDIATION",259599.0],[40356,210,9.998300940700249E21,"C_M_C,_INC.","KY","ENVIRONMENTAL_REMEDIATION",150000.0],[40356,239,5.8308734102576474E17,"C_M_C,_INC.","KY","ENVIRONMENTAL_REMEDIATION",200000.0],[43207,258,5.946523816471814E23,"ENVIRONMENTAL_RESTORATION,_LLC","OH","ENVIRONMENTAL_REMEDIATION",20000.0],[43558,283,5.1038764693205338E17,"ENVIRONMENTAL_QUALITY_MANAGEMENT,_INC.","OH","ENVIRONMENTAL_REMEDIATION",10000.0],[44104,386,3.34449455894047E19,"ENVIRONMENTAL_RESTORATION,_LLC","OH","ENVIRONMENTAL_REMEDIATION",200000.0],[44127,422,7.5914774678829E13,"ENVIRONMENTAL_RESTORATION,_LLC","OH","ENVIRONMENTAL_REMEDIATION",500000.0],[45211,217,2.890627403686841E17,"ENVIRONMENTAL_QUALITY_MANAGEMENT,_INC.","OH","ENVIRONMENTAL_REMEDIATION",2698.71],[45240,277,1.33589148079642416E17,"ENVIRONMENTAL_QUALITY_MANAGEMENT_INCORPORATED","OH","ENVIRONMENTAL_REMEDIATION",100000.0],[45240,313,7.018475487947255E20,"ENVIRONMENTAL_QUALITY_MANAGEMENT_INCORPORATED","OH","ENVIRONMENTAL_REMEDIATION",45000.0],[45240,83,4.935119348551232E22,"ENVIRONMENTAL_QUALITY_MANAGEMENT,_INC.","OH","ENVIRONMENTAL_REMEDIATION",50000.0],[45240,464,6.171434819810835E21,"ENVIRONMENTAL_QUALITY_MANAGEMENT_INCORPORATED","OH","ENVIRONMENTAL_REMEDIATION",45000.0],[45240,187,7.6524934187447248E16,"ENVIRONMENTAL_QUALITY_MANAGEMENT,_INC.","OH","ENVIRONMENTAL_REMEDIATION",20000.0],[45240,490,6.469292845382574E21,"ENVIRONMENTAL_QUALITY_MANAGEMENT_INCORPORATED","OH","ENVIRONMENTAL_REMEDIATION",108.47],[45240,289,1.748577148159489E20,"ENVIRONMENTAL_QUALITY_MANAGEMENT,_INC.","OH","ENVIRONMENTAL_REMEDIATION",20000.0],[45240,111,9.782856036157362E20,"ENVIRONMENTAL_QUALITY_MANAGEMENT_INCORPORATED","OH","ENVIRONMENTAL_REMEDIATION",75000.0],[45240,500,5.4559440835485816E16,"ENVIRONMENTAL_QUALITY_MANAGEMENT_INCORPORATED","OH","ENVIRONMENTAL_REMEDIATION",300000.0],[45240,25,7.444280033255478E19,"ENVIRONMENTAL_QUALITY_MANAGEMENT_INCORPORATED","OH","ENVIRONMENTAL_REMEDIATION",170000.0],[45240,478,1.67867604804925E21,"ENVIRONMENTAL_QUALITY_MANAGEMENT_INCORPORATED","OH","ENVIRONMENTAL_REMEDIATION",1680000.0],[45240,151,5.1480088357247836E23,"ENVIRONMENTAL_QUALITY_MANAGEMENT,_INC.","OH","ENVIRONMENTAL_REMEDIATION",200000.0],[45240,205,9.2805478345474739E17,"ENVIRONMENTAL_QUALITY_MANAGEMENT,_INC.","OH","ENVIRONMENTAL_REMEDIATION",50000.0],[45240,469,9.052044855418734E19,"ENVIRONMENTAL_QUALITY_MANAGEMENT,_INC.","OH","ENVIRONMENTAL_REMEDIATION",500000.0],[45240,475,5.7156418680462586E17,"ENVIRONMENTAL_QUALITY_MANAGEMENT_INCORPORATED","OH","ENVIRONMENTAL_REMEDIATION",180000.0],[45240,292,8.802992413560604E21,"ENVIRONMENTAL_QUALITY_MANAGEMENT_INCORPORATED","OH","ENVIRONMENTAL_REMEDIATION",80000.0],[45240,492,2.9400145199159804E20,"ENVIRONMENTAL_QUALITY_MANAGEMENT_INCORPORATED","OH","ENVIRONMENTAL_REMEDIATION",68.75],[45240,218,9.296604659830746E19,"ENVIRONMENTAL_QUALITY_MANAGEMENT,_INC.","OH","ENVIRONMENTAL_REMEDIATION",17719.13],[45240,127,2.4273914338825237E20,"ENVIRONMENTAL_QUALITY_MANAGEMENT_INCORPORATED","OH","ENVIRONMENTAL_REMEDIATION",480000.0],[45240,445,9.143294128347839E19,"ENVIRONMENTAL_QUALITY_MANAGEMENT_INCORPORATED","OH","ENVIRONMENTAL_REMEDIATION",150000.0],[45240,162,1.5046259080590333E21,"ENVIRONMENTAL_QUALITY_MANAGEMENT_INCORPORATED","OH","ENVIRONMENTAL_REMEDIATION",120000.0],[45240,411,6.389844367846312E23,"ENVIRONMENTAL_QUALITY_MANAGEMENT_INCORPORATED","OH","ENVIRONMENTAL_REMEDIATION",200000.0],[45240,462,4.9391449414861792E16,"ENVIRONMENTAL_QUALITY_MANAGEMENT_INCORPORATED","OH","ENVIRONMENTAL_REMEDIATION",40000.0],[45240,463,1.84433471829966899E18,"ENVIRONMENTAL_QUALITY_MANAGEMENT_INCORPORATED","OH","ENVIRONMENTAL_REMEDIATION",450000.0],[45240,234,4.42238114218058E20,"ENVIRONMENTAL_QUALITY_MANAGEMENT_INCORPORATED","OH","ENVIRONMENTAL_REMEDIATION",200000.0],[45240,98,3.2690845898431949E18,"ENVIRONMENTAL_QUALITY_MANAGEMENT,_INC.","OH","ENVIRONMENTAL_REMEDIATION",20000.0],[45240,24,1.157413384272378E19,"ENVIRONMENTAL_QUALITY_MANAGEMENT_INCORPORATED","OH","ENVIRONMENTAL_REMEDIATION",150000.0],[45240,90,7.791432958551646E21,"ENVIRONMENTAL_QUALITY_MANAGEMENT,_INC.","OH","ENVIRONMENTAL_REMEDIATION",250000.0],[45240,181,3.4356991403912023E18,"ENVIRONMENTAL_QUALITY_MANAGEMENT,_INC.","OH","ENVIRONMENTAL_REMEDIATION",2881.38],[45240,182,5.829594514546321E27,"ENVIRONMENTAL_QUALITY_MANAGEMENT_INCORPORATED","OH","ENVIRONMENTAL_REMEDIATION",200000.0],[45240,104,6.207369743541456E24,"ENVIRONMENTAL_QUALITY_MANAGEMENT_INCORPORATED","OH","ENVIRONMENTAL_REMEDIATION",500000.0],[45240,275,2.4752185384979252E26,"ENVIRONMENTAL_QUALITY_MANAGEMENT_INCORPORATED","OH","ENVIRONMENTAL_REMEDIATION",400000.0],[45240,252,1.806149995050662E15,"ENVIRONMENTAL_QUALITY_MANAGEMENT_INCORPORATED","OH","ENVIRONMENTAL_REMEDIATION",904800.0],[45240,474,8.593443791806263E15,"ENVIRONMENTAL_QUALITY_MANAGEMENT_INCORPORATED","OH","ENVIRONMENTAL_REMEDIATION",1.21],[45240,290,7.8186410997336924E18,"ENVIRONMENTAL_QUALITY_MANAGEMENT,_INC.","OH","ENVIRONMENTAL_REMEDIATION",75000.0],[45240,117,4.778090919524334E22,"ENVIRONMENTAL_QUALITY_MANAGEMENT,_INC.","OH","ENVIRONMENTAL_REMEDIATION",24000.0],[45662,185,4.0072844037842234E17,"ENVIRONMENTAL_QUALITY_MANAGEMENT,_INC.","OH","ENVIRONMENTAL_REMEDIATION",16062.78],[46072,132,9.7620971882004787E17,"ENVIRONMENTAL_RESTORATION,_LLC","IN","ENVIRONMENTAL_REMEDIATION",13500.0],[46176,244,7.17669691412419E20,"ENVIRONMENTAL_QUALITY_MANAGEMENT,_INC.","IN","ENVIRONMENTAL_REMEDIATION",365.19],[46224,326,1.1098145335318532E16,"ENVIRONMENTAL_RESTORATION,_LLC","IN","ENVIRONMENTAL_REMEDIATION",800000.0],[46224,378,2.786759141068714E16,"ENVIRONMENTAL_RESTORATION,_LLC","IN","ENVIRONMENTAL_REMEDIATION",60000.0],[46237,331,6.193312455525003E19,"ENVIRONMENTAL_RESTORATION,_LLC","IN","ENVIRONMENTAL_REMEDIATION",32750.0],[46241,385,5.5144384147670925E17,"ENVIRONMENTAL_RESTORATION,_LLC","IN","ENVIRONMENTAL_REMEDIATION",50000.0],[46241,369,1.2549844283278248E19,"ENVIRONMENTAL_RESTORATION,_LLC","IN","ENVIRONMENTAL_REMEDIATION",75000.0],[46327,20,1.5331464600812013E21,"GREAT_LAKES_SEDIMENT_REMEDIATION,_LLC","IN","ENVIRONMENTAL_REMEDIATION",1.208311068E7],[46327,152,8.8911433878327155E17,"GREAT_LAKES_SEDIMENT_REMEDIATION,_LLC","IN","ENVIRONMENTAL_REMEDIATION",275400.0],[46327,159,8.872410456082867E20,"GREAT_LAKES_SEDIMENT_REMEDIATION,_LLC","IN","ENVIRONMENTAL_REMEDIATION",911216.34],[46327,59,1.6680456733418026E20,"GREAT_LAKES_SEDIMENT_REMEDIATION,_LLC","IN","ENVIRONMENTAL_REMEDIATION",104807.29],[46327,134,5.91129180777506E16,"GREAT_LAKES_SEDIMENT_REMEDIATION,_LLC","IN","ENVIRONMENTAL_REMEDIATION",71919.11],[46406,176,7.990975834377549E20,"ENVIRONMENTAL_RESTORATION,_LLC","IN","ENVIRONMENTAL_REMEDIATION",10000.0],[46406,441,7.495177416837863E21,"ENVIRONMENTAL_RESTORATION,_LLC","IN","ENVIRONMENTAL_REMEDIATION",15000.0],[46406,213,4.2504889423993E16,"ENVIRONMENTAL_RESTORATION,_LLC","IN","ENVIRONMENTAL_REMEDIATION",10000.0],[46406,137,2.07319957376058163E18,"ENVIRONMENTAL_RESTORATION,_LLC","IN","ENVIRONMENTAL_REMEDIATION",20000.0],[46741,309,8.099038119948293E19,"ENVIRONMENTAL_QUALITY_MANAGEMENT,_INC.","IN","ENVIRONMENTAL_REMEDIATION",540.59],[46809,135,9.5332504951884352E17,"ENVIRONMENTAL_RESTORATION,_LLC","IN","ENVIRONMENTAL_REMEDIATION",20000.0],[47713,108,7.770540248387556E23,"ENVIRONMENTAL_RESTORATION,_LLC","IN","ENVIRONMENTAL_REMEDIATION",35000.0],[47907,105,7.19887517999299E14,"PURDUE_UNIVERSITY","IN","F_ENVIRON_IMPACT_STMTS/ASSESSMENTS,_TECH_ANALYSIS/ENVIRON_AU",15000.0],[48060,139,1.4276789685987234E19,"ENVIRONMENTAL_RESTORATION,_LLC","MI","ENVIRONMENTAL_REMEDIATION",15000.0],[48060,73,9.7130606242800358E17,"ENVIRONMENTAL_RESTORATION,_LLC","MI","ENVIRONMENTAL_REMEDIATION",2500.0],[48081,245,2.4699199438567345E20,"ENVIRONMENTAL_QUALITY_MANAGEMENT,_INC.","MI","ENVIRONMENTAL_REMEDIATION",2900.63],[48138,46,5.8271397795145E22,"TECHNICAL_SERVICE_PROFESSIONALS_LLC","MI","ENVIRONMENTAL_REMEDIATION",13198.0],[48173,381,1.588434061650348E16,"LATA-KEMRON_REMEDIATION,_LLC","MI","ENVIRONMENTAL_REMEDIATION",450000.0],[48173,491,9.500714445846721E20,"LATA-KEMRON_REMEDIATION,_LLC","MI","ENVIRONMENTAL_REMEDIATION",350000.0],[48176,470,2.4445490435841028E23,"EARTH_SMART_ENVIRONMENTAL_SOLUTIONS,_LLC","MI","ENVIRONMENTAL_REMEDIATION",6326.98],[48209,274,9.48781445766131E14,"LATA-KEMRON_REMEDIATION,_LLC","MI","ENVIRONMENTAL_REMEDIATION",150000.0],[48209,330,4.0001424795561339E18,"LATA-KEMRON_REMEDIATION,_LLC","MI","ENVIRONMENTAL_REMEDIATION",42000.0],[48209,192,1.2397250840698226E24,"LATA-KEMRON_REMEDIATION,_LLC","MI","ENVIRONMENTAL_REMEDIATION",100000.0],[48228,392,6.1807301946025769E18,"ENVIRONMENTAL_RESTORATION,_LLC","MI","ENVIRONMENTAL_REMEDIATION",25000.0],[48503,260,1.0691481594991E13,"LATA-KEMRON_REMEDIATION,_LLC","MI","ENVIRONMENTAL_REMEDIATION",40000.0],[48601,294,3.148660554739274E22,"ENVIRONMENTAL_RESTORATION,_LLC","MI","ENVIRONMENTAL_REMEDIATION",2000000.0],[48629,246,9.379454938814794E18,"ENVIRONMENTAL_QUALITY_MANAGEMENT,_INC.","MI","ENVIRONMENTAL_REMEDIATION",3492.65],[48801,325,7.950910248633202E15,"LATA-KEMRON_REMEDIATION,_LLC","MI","ENVIRONMENTAL_REMEDIATION",800000.0],[49046,56,9.135223138637843E23,"ENVIRONMENTAL_QUALITY_MANAGEMENT,_INC.","MI","ENVIRONMENTAL_REMEDIATION",33400.0],[49930,110,5.9754629128532304E16,"LATA-KEMRON_REMEDIATION,_LLC","MI","ENVIRONMENTAL_REMEDIATION",25000.0],[50022,338,3.6591057458873954E23,"ENVIRONMENTAL_RESTORATION,_L.L.C.","IA","ENVIRONMENTAL_REMEDIATION",175519.0],[50022,308,5.468158814567431E20,"ENVIRONMENTAL_RESTORATION,_L.L.C.","IA","ENVIRONMENTAL_REMEDIATION",43252.0],[50022,311,2.3201926401949864E19,"ENVIRONMENTAL_RESTORATION,_L.L.C.","IA","ENVIRONMENTAL_REMEDIATION",33563.0],[50310,424,8.767642397476884E22,"SHEKAR_ENGINEERING,_P.L.C.","IA","ENVIRONMENTAL_REMEDIATION",402286.15],[50310,63,3.0799632868877824E19,"SHEKAR_ENGINEERING,_P.L.C.","IA","ENVIRONMENTAL_REMEDIATION",390699.05],[53209,27,2.86162167060070528E17,"ENVIRONMENTAL_QUALITY_MANAGEMENT,_INC","WI","ENVIRONMENTAL_REMEDIATION",53570.0],[53209,128,9.0710162762829056E16,"ENVIRONMENTAL_QUALITY_MANAGEMENT,_INC","WI","ENVIRONMENTAL_REMEDIATION",32118.0],[53209,50,5.443878204027393E21,"ENVIRONMENTAL_QUALITY_MANAGEMENT,_INC","WI","ENVIRONMENTAL_REMEDIATION",39930.0],[53209,147,3.333873322925936E20,"ENVIRONMENTAL_QUALITY_MANAGEMENT,_INC","WI","ENVIRONMENTAL_REMEDIATION",42400.0],[53212,291,1.3753442860938568E16,"ENVIRONMENTAL_QUALITY_MANAGEMENT,_INC.","WI","ENVIRONMENTAL_REMEDIATION",100000.0],[54143,339,7.050299445162241E18,"ENVIRONMENTAL_QUALITY_MANAGEMENT,_INC","WI","ENVIRONMENTAL_REMEDIATION",303426.64],[54143,197,1.552743749798085E15,"ENVIRONMENTAL_QUALITY_MANAGEMENT,_INC","WI","ENVIRONMENTAL_REMEDIATION",941918.0],[54143,173,8.9220032923158938E18,"ENVIRONMENTAL_QUALITY_MANAGEMENT,_INC","WI","ENVIRONMENTAL_REMEDIATION",412671.89],[54154,389,4.156714669815289E21,"ENVIRONMENTAL_QUALITY_MANAGEMENT,_INC.","WI","ENVIRONMENTAL_REMEDIATION",250000.0],[54915,282,7.780247094890984E23,"ENVIRONMENTAL_QUALITY_MANAGEMENT,_INC.","WI","ENVIRONMENTAL_REMEDIATION",50000.0],[55804,23,4.6705705942816993E18,"EARTH_SMART_ENVIRONMENTAL_SOLUTIONS,_LLC","MN","ENVIRONMENTAL_REMEDIATION",10509.25],[60045,138,7.3432675617092192E16,"STERICYCLE,_INC.","IL","ENVIRONMENTAL_REMEDIATION",5695.2],[60501,216,7.0419814986394829E18,"ENVIRONMENTAL_QUALITY_MANAGEMENT,_INC.","IL","ENVIRONMENTAL_REMEDIATION",22600.62],[60527,22,5.4422875301682834E23,"WESTON_SOLUTIONS_INCORPORATED","IL","ENVIRONMENTAL_REMEDIATION",8079.0],[60604,477,9.482801340246871E17,"TOEROEK_ASSOCIATES,_INC.","IL","ENVIRONMENTAL_CONSULTING_AND_LEGAL_SUPPORT",75000.0],[60604,481,3.632733844689162E20,"TOEROEK_ASSOCIATES,_INC.","IL","ENVIRONMENTAL_CONSULTING_AND_LEGAL_SUPPORT",900.0],[60604,280,6.2578074525165076E18,"TECHLAW,_INC","IL","AIR_QUALITY_SUPPORT",7500.0],[60604,278,2.515745404277594E15,"TOEROEK_ASSOCIATES,_INC.","IL","ENVIRONMENTAL_CONSULTING_AND_LEGAL_SUPPORT",30000.0],[60604,120,3.806465298398762E19,"TECHLAW,_INC","IL","AIR_QUALITY_SUPPORT",277352.0],[60605,243,2.624941298041307E15,"HIDDEN_WATER_INC","IL","ENVIRONMENTAL_REMEDIATION",84609.76],[60622,87,7.509599744935558E19,"ENVIRONMENTAL_RESTORATION,_LLC","IL","ENVIRONMENTAL_REMEDIATION",50000.0],[60623,13,9.514017866870538E20,"ENVIRONMENTAL_QUALITY_MANAGEMENT,_INC.","IL","ENVIRONMENTAL_REMEDIATION",5000.0],[60641,129,3.506618611759686E22,"ENVIRONMENTAL_QUALITY_MANAGEMENT,_INC.","IL","ENVIRONMENTAL_REMEDIATION",16000.0],[61350,332,5.1908196451356422E17,"ENVIRONMENTAL_QUALITY_MANAGEMENT,_INC.","IL","ENVIRONMENTAL_REMEDIATION",800000.0],[62207,9,2.7362896460089047E22,"ENVIRONMENTAL_RESTORATION,_LLC","IL","ENVIRONMENTAL_REMEDIATION",400000.0],[62207,327,5.104565077449156E21,"ENVIRONMENTAL_RESTORATION,_LLC","IL","ENVIRONMENTAL_REMEDIATION",240000.0],[62864,263,5.8969452873898336E16,"ARDL,_INC.","IL","TOXIC_AND_HAZARDOUS_SUBSTANCE_ANALYSIS",3427.75],[62864,150,5.049464525730212E16,"ARDL,_INC.","IL","TOXIC_AND_HAZARDOUS_SUBSTANCE_ANALYSIS",6441.59],[62864,156,7.954077318936001E20,"ARDL,_INC.","IL","TOXIC_AND_HAZARDOUS_SUBSTANCE_ANALYSIS",11702.67],[62864,115,8.41462802576654E21,"ARDL,_INC.","IL","TOXIC_AND_HAZARDOUS_SUBSTANCE_ANALYSIS",11273.62],[62864,148,3.3609062773462137E22,"ARDL,_INC.","IL","TOXIC_AND_HAZARDOUS_SUBSTANCE_ANALYSIS",6864.43],[62864,107,7.019977569054464E20,"ARDL,_INC.","IL","TOXIC_AND_HAZARDOUS_SUBSTANCE_ANALYSIS",5320.67],[62864,10,1.8402102286837055E19,"ARDL,_INC.","IL","TOXIC_AND_HAZARDOUS_SUBSTANCE_ANALYSIS",12071.67],[62864,157,7.675902360033686E22,"ARDL,_INC.","IL","TOXIC_AND_HAZARDOUS_SUBSTANCE_ANALYSIS",7124.53],[62864,16,4.0093414659780628E18,"ARDL,_INC.","IL","TOXIC_AND_HAZARDOUS_SUBSTANCE_ANALYSIS",4841.78],[62864,133,2.928917004813376E17,"ARDL,_INC.","IL","TOXIC_AND_HAZARDOUS_SUBSTANCE_ANALYSIS",26563.54],[62864,54,9.035561451600827E20,"ARDL,_INC.","IL","TOXIC_AND_HAZARDOUS_SUBSTANCE_ANALYSIS",5061.22],[62864,373,8.939716094739094E23,"ARDL,_INC.","IL","TOXIC_AND_HAZARDOUS_SUBSTANCE_ANALYSIS",5651.83],[62864,60,1.218311258278364E16,"ARDL,_INC.","IL","TOXIC_AND_HAZARDOUS_SUBSTANCE_ANALYSIS",7544.9],[62864,264,2.2744279044104E13,"ARDL,_INC.","IL","TOXIC_AND_HAZARDOUS_SUBSTANCE_ANALYSIS",5826.16],[62864,2,2.7627478933290664E20,"ARDL,_INC.","IL","TOXIC_AND_HAZARDOUS_SUBSTANCE_ANALYSIS",11273.62],[62864,374,4.860944943553417E15,"ARDL,_INC.","IL","TOXIC_AND_HAZARDOUS_SUBSTANCE_ANALYSIS",8823.47],[62864,253,4.2872183445462395E18,"ARDL,_INC.","IL","TOXIC_AND_HAZARDOUS_SUBSTANCE_ANALYSIS",11104.93],[62864,53,1.62739214849349581E18,"ARDL,_INC.","IL","TOXIC_AND_HAZARDOUS_SUBSTANCE_ANALYSIS",16909.49],[62864,359,4.9677034498045206E22,"ARDL,_INC.","IL","TOXIC_AND_HAZARDOUS_SUBSTANCE_ANALYSIS",5064.54],[62864,163,3.761979382615766E19,"ARDL,_INC.","IL","TOXIC_AND_HAZARDOUS_SUBSTANCE_ANALYSIS",3835.95],[62864,305,9.972182421020257E20,"ARDL,_INC.","IL","TOXIC_AND_HAZARDOUS_SUBSTANCE_ANALYSIS",29820.52],[63026,259,5.012829479421955E20,"ENVIRONMENTAL_RESTORATION_LIMITED_LIABILITY_COMPANY","MO","ENVIRONMENTAL_REMEDIATION",3500.0],[63026,269,2.240868471721981E19,"ENVIRONMENTAL_RESTORATION,_LLC","MO","ENVIRONMENTAL_REMEDIATION",180000.0],[63026,114,3.2403080742291515E22,"ENVIRONMENTAL_RESTORATION_LIMITED_LIABILITY_COMPANY","MO","ENVIRONMENTAL_REMEDIATION",200000.0],[63026,5,3.4228041273292925E25,"ENVIRONMENTAL_RESTORATION,_LLC","MO","ENVIRONMENTAL_REMEDIATION",40000.0],[63026,387,4.6146845796558845E20,"ENVIRONMENTAL_RESTORATION,_L.L.C.","MO","ENVIRONMENTAL_REMEDIATION",50000.0],[63026,302,2.850544864438194E21,"ENVIRONMENTAL_RESTORATION_LIMITED_LIABILITY_COMPANY","MO","ENVIRONMENTAL_REMEDIATION",181800.0],[63026,11,8.6145281041588511E18,"ENVIRONMENTAL_RESTORATION_LIMITED_LIABILITY_COMPANY","MO","ENVIRONMENTAL_REMEDIATION",100000.0],[63026,358,8.8540144877231514E18,"ENVIRONMENTAL_RESTORATION,_L.L.C.","MO","ENVIRONMENTAL_REMEDIATION",200000.0],[63026,212,9.591050406899442E18,"ENVIRONMENTAL_RESTORATION_LIMITED_LIABILITY_COMPANY","MO","ENVIRONMENTAL_REMEDIATION",225000.0],[63026,178,6.7415014278344909E18,"ENVIRONMENTAL_RESTORATION_LIMITED_LIABILITY_COMPANY","MO","ENVIRONMENTAL_REMEDIATION",50000.0],[63026,140,4.3632245073241824E16,"ENVIRONMENTAL_RESTORATION_LIMITED_LIABILITY_COMPANY","MO","ENVIRONMENTAL_REMEDIATION",40000.0],[63026,145,8.115536668837889E18,"ENVIRONMENTAL_RESTORATION,_LLC","MO","ENVIRONMENTAL_REMEDIATION",30000.0],[63026,377,3.2740374688152468E16,"ENVIRONMENTAL_RESTORATION,_LLC","MO","ENVIRONMENTAL_REMEDIATION",10000.0],[63026,420,8.898552404631696E21,"ENVIRONMENTAL_RESTORATION,_L.L.C.","MO","ENVIRONMENTAL_REMEDIATION",250000.0],[63026,62,7.879679098229398E20,"ENVIRONMENTAL_RESTORATION_LIMITED_LIABILITY_COMPANY","MO","ENVIRONMENTAL_REMEDIATION",25000.0],[63026,78,1.37585553586247792E17,"ENVIRONMENTAL_RESTORATION_LIMITED_LIABILITY_COMPANY","MO","ENVIRONMENTAL_REMEDIATION",175000.0],[63026,82,3.849644697453769E15,"ENVIRONMENTAL_RESTORATION_LIMITED_LIABILITY_COMPANY","MO","ENVIRONMENTAL_REMEDIATION",175000.0],[63026,432,1.0255229410888012E19,"ENVIRONMENTAL_RESTORATION,_L.L.C.","MO","ENVIRONMENTAL_REMEDIATION",500001.45],[63026,271,2.627944853462874E15,"ENVIRONMENTAL_RESTORATION_LIMITED_LIABILITY_COMPANY","MO","ENVIRONMENTAL_REMEDIATION",80000.0],[63026,160,9.225483655391947E23,"ENVIRONMENTAL_RESTORATION_LIMITED_LIABILITY_COMPANY","MO","ENVIRONMENTAL_REMEDIATION",34000.0],[63026,85,7.0319546913860413E18,"ENVIRONMENTAL_RESTORATION_LIMITED_LIABILITY_COMPANY","MO","ENVIRONMENTAL_REMEDIATION",50000.0],[63026,106,1.53592742869408E14,"ENVIRONMENTAL_RESTORATION_LIMITED_LIABILITY_COMPANY","MO","ENVIRONMENTAL_REMEDIATION",75000.0],[63026,479,4.8413465901043821E17,"ENVIRONMENTAL_RESTORATION,_L.L.C.","MO","ENVIRONMENTAL_REMEDIATION",600000.0],[63026,403,5.9784474458893146E17,"ENVIRONMENTAL_RESTORATION,_L.L.C.","MO","ENVIRONMENTAL_REMEDIATION",254960.0],[63026,195,9.35543591052116E15,"ENVIRONMENTAL_RESTORATION_LIMITED_LIABILITY_COMPANY","MO","ENVIRONMENTAL_REMEDIATION",50000.0],[63026,199,4.869264745987085E22,"ENVIRONMENTAL_RESTORATION_LIMITED_LIABILITY_COMPANY","MO","ENVIRONMENTAL_REMEDIATION",15000.0],[63026,433,3.5644304216877005E17,"ENVIRONMENTAL_RESTORATION_LIMITED_LIABILITY_COMPANY","MO","ENVIRONMENTAL_REMEDIATION",9020.74],[63026,15,1.4091237312043402E23,"ENVIRONMENTAL_RESTORATION_LIMITED_LIABILITY_COMPANY","MO","ENVIRONMENTAL_REMEDIATION",275000.0],[63026,357,5.167107740438408E20,"ENVIRONMENTAL_RESTORATION,_L.L.C.","MO","ENVIRONMENTAL_REMEDIATION",50000.0],[63026,256,9.881789764918149E23,"ENVIRONMENTAL_RESTORATION_LIMITED_LIABILITY_COMPANY","MO","ENVIRONMENTAL_REMEDIATION",75000.0],[63026,70,9.046485922674716E19,"ENVIRONMENTAL_RESTORATION_LIMITED_LIABILITY_COMPANY","MO","ENVIRONMENTAL_REMEDIATION",25000.0],[63026,412,9.410549390484576E16,"ENVIRONMENTAL_RESTORATION,_L.L.C.","MO","ENVIRONMENTAL_REMEDIATION",350000.0],[63026,402,3.5421274382922766E23,"ENVIRONMENTAL_RESTORATION,_L.L.C.","MO","ENVIRONMENTAL_REMEDIATION",150000.0],[63036,428,7.82034358346333E14,"ENVIRONMENTAL_RESTORATION,_L.L.C.","MO","ENVIRONMENTAL_REMEDIATION",114044.0],[63036,288,9.531151678465603E21,"ENVIRONMENTAL_RESTORATION,_L.L.C.","MO","ENVIRONMENTAL_REMEDIATION",79738.0],[63071,319,8.301017409476619E21,"COASTAL-ENVIROWORKS_JOINT_VENTURE","MO","ENVIRONMENTAL_REMEDIATION",1.015512407E7],[63628,262,9.361892704425784E21,"ENVIRONMENTAL_RESTORATION,_L.L.C.","MO","ENVIRONMENTAL_REMEDIATION",79738.0],[63628,118,1.371475892800992E16,"ENVIRONMENTAL_RESTORATION,_L.L.C.","MO","ENVIRONMENTAL_REMEDIATION",215802.32],[63628,401,8.36225655544388E23,"ENVIRONMENTAL_RESTORATION,_L.L.C.","MO","ENVIRONMENTAL_REMEDIATION",78221.89],[63655,42,9.657236284419838E25,"ENVIRONMENTAL_RESTORATION,_L.L.C.","MO","ENVIRONMENTAL_REMEDIATION",215802.32],[63664,471,3.22954883078349E14,"ENVIRONMENTAL_RESTORATION,_L.L.C.","MO","ENVIRONMENTAL_REMEDIATION",218591.0],[63664,261,1.3228478051296524E19,"ENVIRONMENTAL_RESTORATION,_L.L.C.","MO","ENVIRONMENTAL_REMEDIATION",714586.0],[63664,496,1.3184879527442866E25,"ENVIRONMENTAL_RESTORATION,_L.L.C.","MO","ENVIRONMENTAL_REMEDIATION",419726.0],[64106,30,7.4907810272684816E16,"TETRA_TECH,_INC.","MO","ENVIRONMENTAL_REMEDIATION",15165.0],[65689,207,2.02067592495086E22,"ENVIRONMENTAL_RESTORATION,_L.L.C.","MO","ENVIRONMENTAL_REMEDIATION",229800.0],[66215,65,5.774440687095452E15,"ENVIRONMENTAL_RESTORATION,_L.L.C.","KS","ENVIRONMENTAL_REMEDIATION",50966.0],[66219,453,3.0054248862256886E19,"TETRA_TECH,_INC.","KS","ENVIRONMENTAL_REMEDIATION",200000.0],[66219,248,4.347199064068779E21,"TETRA_TECH,_INC.","KS","ENVIRONMENTAL_REMEDIATION",137279.57],[66219,444,6.4176724480816517E18,"TETRA_TECH,_INC.","KS","ENVIRONMENTAL_REMEDIATION",200000.0],[66219,41,5.1984808584350192E16,"TETRA_TECH,_INC.","KS","ENVIRONMENTAL_REMEDIATION",154480.61],[66219,266,9.833083646294926E15,"TETRA_TECH,_INC.","KS","ENVIRONMENTAL_REMEDIATION",22723.38],[66219,165,9.1481500477533728E16,"TETRA_TECH,_INC.","KS","ENVIRONMENTAL_REMEDIATION",4647.0],[66219,427,7.2268764957834278E17,"TETRA_TECH,_INC.","KS","ENVIRONMENTAL_REMEDIATION",1240.85],[66219,71,2.660531466316314E19,"TETRA_TECH,_INC.","KS","ENVIRONMENTAL_REMEDIATION",745908.28],[66219,220,4.274089742261707E22,"TETRA_TECH,_INC.","KS","ENVIRONMENTAL_REMEDIATION",150652.44],[66219,154,1.7592592346031516E22,"TETRA_TECH,_INC.","KS","ENVIRONMENTAL_REMEDIATION",10127.08],[66219,314,1.9727946668810083E20,"TETRA_TECH,_INC.","KS","ENVIRONMENTAL_REMEDIATION",13000.49],[66219,238,9.432514124548055E23,"TETRA_TECH,_INC.","KS","ENVIRONMENTAL_REMEDIATION",46394.51],[66219,455,6.315304343094462E24,"TETRA_TECH,_INC.","KS","ENVIRONMENTAL_REMEDIATION",52536.65],[66219,456,4.1261386144093946E19,"TETRA_TECH,_INC.","KS","ENVIRONMENTAL_REMEDIATION",15913.76],[66219,436,3.560262134459695E21,"TETRA_TECH,_INC.","KS","ENVIRONMENTAL_REMEDIATION",43465.11],[66219,236,5.663117746068948E20,"TETRA_TECH,_INC.","KS","ENVIRONMENTAL_REMEDIATION",58367.79],[66219,482,4.3097942708110577E18,"TETRA_TECH,_INC.","KS","ENVIRONMENTAL_REMEDIATION",67665.62],[66219,437,7.896940830348496E24,"TETRA_TECH,_INC.","KS","ENVIRONMENTAL_REMEDIATION",215428.41],[66219,175,9.77780051799425E19,"TETRA_TECH,_INC.","KS","ENVIRONMENTAL_REMEDIATION",33646.19],[66219,198,7.777789468689263E21,"TETRA_TECH,_INC.","KS","ENVIRONMENTAL_REMEDIATION",1671.2],[66219,382,1.5469119459271507E22,"SRC,_INC.","KS","ENVIRONMENTAL_REMEDIATION",32165.0],[66219,430,1.064798347169086E22,"TETRA_TECH,_INC.","KS","ENVIRONMENTAL_REMEDIATION",16859.35],[66219,376,5.152944841859302E20,"TETRA_TECH,_INC.","KS","ENVIRONMENTAL_REMEDIATION",13197.93],[66219,375,1.2793994375502812E20,"TETRA_TECH,_INC.","KS","ENVIRONMENTAL_REMEDIATION",10108.62],[66219,335,1.829394106365826E20,"TETRA_TECH,_INC.","KS","ENVIRONMENTAL_REMEDIATION",10495.99],[66219,353,8.3345745488099656E18,"TETRA_TECH,_INC.","KS","ENVIRONMENTAL_REMEDIATION",185543.51],[66219,265,3.5042408051115483E19,"TETRA_TECH,_INC.","KS","ENVIRONMENTAL_REMEDIATION",71638.72],[66219,452,3.1393119470064108E19,"TETRA_TECH,_INC.","KS","ENVIRONMENTAL_REMEDIATION",31852.99],[66219,97,1.56746524239879654E18,"TETRA_TECH,_INC.","KS","ENVIRONMENTAL_REMEDIATION",17372.41],[66219,19,4.5676073352398408E16,"TETRA_TECH,_INC.","KS","ENVIRONMENTAL_REMEDIATION",57473.02],[66219,237,8.2634641947520691E17,"TETRA_TECH,_INC.","KS","ENVIRONMENTAL_REMEDIATION",30380.11],[66219,459,6.726799967400445E21,"TETRA_TECH,_INC.","KS","ENVIRONMENTAL_REMEDIATION",36625.75],[66219,352,2.73909474970250496E17,"TETRA_TECH,_INC.","KS","ENVIRONMENTAL_REMEDIATION",58872.58],[66219,439,6.7783649891878152E16,"TETRA_TECH,_INC.","KS","ENVIRONMENTAL_REMEDIATION",62230.0],[66219,109,3.853242399052144E16,"TETRA_TECH,_INC.","KS","ENVIRONMENTAL_REMEDIATION",50024.0],[66219,480,9.313433447085109E23,"TETRA_TECH,_INC.","KS","ENVIRONMENTAL_REMEDIATION",153337.91],[66219,438,5.760690614039869E22,"TETRA_TECH,_INC.","KS","ENVIRONMENTAL_REMEDIATION",16859.35],[66219,189,9.93482280410821E22,"SRC,_INC.","KS","ENVIRONMENTAL_REMEDIATION",13997.0],[66219,69,4.30524581055608E14,"TETRA_TECH,_INC.","KS","ENVIRONMENTAL_REMEDIATION",9462.02],[66219,61,6.9265604093671808E16,"TETRA_TECH,_INC.","KS","ENVIRONMENTAL_REMEDIATION",64090.0],[66219,95,1.785187662702541E15,"TETRA_TECH,_INC.","KS","ENVIRONMENTAL_REMEDIATION",25000.0],[66219,166,3.2920396022827336E19,"TETRA_TECH,_INC.","KS","ENVIRONMENTAL_REMEDIATION",248103.24],[66219,43,7.012228774343199E19,"TETRA_TECH,_INC.","KS","ENVIRONMENTAL_REMEDIATION",10127.08],[66219,346,5.479184584236574E19,"SRC,_INC.","KS","ENVIRONMENTAL_REMEDIATION",37939.0],[66219,348,3.396504949439269E19,"SRC,_INC.","KS","ENVIRONMENTAL_REMEDIATION",10025.0],[66219,434,8.455830417183105E21,"TETRA_TECH,_INC.","KS","ENVIRONMENTAL_REMEDIATION",16957.24],[66219,146,1.1782510628548156E16,"TETRA_TECH,_INC.","KS","ENVIRONMENTAL_REMEDIATION",19489.0],[66219,172,8.703091705658468E20,"TETRA_TECH,_INC.","KS","ENVIRONMENTAL_REMEDIATION",302808.24],[66219,324,8.460980249822033E20,"TETRA_TECH,_INC.","KS","ENVIRONMENTAL_REMEDIATION",61605.0],[66219,31,9.565703935354226E22,"TETRA_TECH,_INC.","KS","ENVIRONMENTAL_REMEDIATION",50514.0],[66219,457,2.9879848315894388E16,"TETRA_TECH,_INC.","KS","ENVIRONMENTAL_REMEDIATION",43465.11],[66219,249,4.4551740950772288E17,"TETRA_TECH,_INC.","KS","ENVIRONMENTAL_REMEDIATION",10636.8],[66219,219,9.053373469322136E16,"TETRA_TECH,_INC.","KS","ENVIRONMENTAL_REMEDIATION",11907.56],[66219,211,9.6148966548135334E17,"TETRA_TECH,_INC.","KS","ENVIRONMENTAL_REMEDIATION",9571.01],[66219,458,3.0829454478881096E20,"TETRA_TECH,_INC.","KS","ENVIRONMENTAL_REMEDIATION",200000.0],[67646,52,1.12786358388199E15,"ENVIRONMENTAL_RESTORATION,_L.L.C.","KS","ENVIRONMENTAL_REMEDIATION",20046.0],[68467,240,9.61334734311992E14,"ENVIRONMENTAL_RESTORATION,_L.L.C.","NE","ENVIRONMENTAL_REMEDIATION",306296.0],[68467,228,7.644504059972534E19,"ENVIRONMENTAL_RESTORATION,_L.L.C.","NE","ENVIRONMENTAL_REMEDIATION",102516.0],[68801,356,3.7185149890238197E21,"ENVIRONMENTAL_RESTORATION,_L.L.C.","NE","ENVIRONMENTAL_REMEDIATION",351060.0],[70806,312,7.772264167047176E20,"CB&I_FEDERAL_SERVICES_LLC","LA","ENVIRONMENTAL_REMEDIATION",150000.0],[70806,131,4.508933629818712E21,"CB&I_FEDERAL_SERVICES_LLC","LA","ENVIRONMENTAL_REMEDIATION",5000.0],[70806,250,6.821079794018281E21,"CB&I_FEDERAL_SERVICES_LLC","LA","ENVIRONMENTAL_REMEDIATION",35327.56],[70806,196,6.638947649086499E21,"CB&I_FEDERAL_SERVICES_LLC","LA","ENVIRONMENTAL_REMEDIATION",200000.0],[70806,408,5.248664228838298E22,"CB&I_FEDERAL_SERVICES_LLC","LA","ENVIRONMENTAL_REMEDIATION",200000.0],[70806,497,9.630383046808041E24,"CB&I_FEDERAL_SERVICES_LLC","LA","ENVIRONMENTAL_REMEDIATION",200000.0],[70806,36,7.9276646129052006E17,"CB&I_FEDERAL_SERVICES_LLC","LA","ENVIRONMENTAL_REMEDIATION",200000.0],[70806,460,8.249317461912511E21,"CB&I_FEDERAL_SERVICES_LLC","LA","ENVIRONMENTAL_REMEDIATION",200000.0],[74820,136,2.727582394445004E19,"EARTH_SMART_ENVIRONMENTAL_SOLUTIONS,_LLC","OK","ENVIRONMENTAL_REMEDIATION",7718.84],[74820,388,8.67795153534597E27,"EARTH_SMART_ENVIRONMENTAL_SOLUTIONS,_LLC","OK","ENVIRONMENTAL_REMEDIATION",7729.97],[74820,130,5.36269299493411E24,"EARTH_SMART_ENVIRONMENTAL_SOLUTIONS,_LLC","OK","ENVIRONMENTAL_REMEDIATION",7807.26],[80202,94,8.912042738376018E20,"WESTON_SOLUTIONS,_INC","CO","ENVIRONMENTAL_REMEDIATION",25000.0],[80202,447,2.8592281747023415E21,"WESTON_SOLUTIONS,_INC","CO","ENVIRONMENTAL_REMEDIATION",100000.0],[80202,221,8.5801041645946291E17,"WESTON_SOLUTIONS,_INC","CO","ENVIRONMENTAL_REMEDIATION",100000.0],[80202,448,5.8387440592140784E16,"WESTON_SOLUTIONS,_INC","CO","ENVIRONMENTAL_REMEDIATION",88000.0],[80202,419,9.1241984889854546E18,"RURAL_AND_TRIBAL_ENVIRONMENTAL_SOLUTIONS","CO","WATER_QUALITY_SUPPORT",280000.0],[80202,279,7.02045740674081E14,"WESTON_SOLUTIONS,_INC","CO","ENVIRONMENTAL_REMEDIATION",15000.0],[80202,247,3.9573751488891975E22,"WESTON_SOLUTIONS,_INC","CO","ENVIRONMENTAL_REMEDIATION",500000.0],[80202,35,1.38693090213109584E17,"WESTON_SOLUTIONS,_INC","CO","ENVIRONMENTAL_REMEDIATION",21000.0],[80202,222,8.675217141904169E18,"WESTON_SOLUTIONS,_INC","CO","ENVIRONMENTAL_REMEDIATION",150000.0],[80202,466,4.2215433748642535E21,"WESTON_SOLUTIONS,_INC","CO","ENVIRONMENTAL_REMEDIATION",100000.0],[80202,397,8.980269248923212E19,"WESTON_SOLUTIONS,_INC","CO","ENVIRONMENTAL_REMEDIATION",75000.0],[80202,446,7.728546378404983E26,"WESTON_SOLUTIONS,_INC","CO","ENVIRONMENTAL_REMEDIATION",600000.0],[80202,396,3.330186184320729E22,"WESTON_SOLUTIONS,_INC","CO","ENVIRONMENTAL_REMEDIATION",305000.0],[80202,40,7.53728875837248E14,"ENVIRONMENTAL_RESTORATION,_L.L.C.","CO","MULTIPLE_POLLUTANT_SUPPORT",1345.16],[80202,142,2.2865109289174359E18,"WESTON_SOLUTIONS,_INC","CO","ENVIRONMENTAL_REMEDIATION",200000.0],[80202,454,5.318591429568529E15,"WESTON_SOLUTIONS,_INC","CO","ENVIRONMENTAL_REMEDIATION",50000.0],[80202,409,9.8949448793222874E17,"WESTON_SOLUTIONS,_INC","CO","ENVIRONMENTAL_REMEDIATION",500000.0],[80202,251,9.525219740334419E19,"TECHLAW,_INC","CO","AIR_QUALITY_SUPPORT",80930.0],[80202,215,4.281445489131348E19,"WESTON_SOLUTIONS,_INC","CO","ENVIRONMENTAL_REMEDIATION",700000.0],[80202,74,9.230258099052005E19,"WESTON_SOLUTIONS,_INC","CO","ENVIRONMENTAL_REMEDIATION",150000.0],[80202,329,9.674964424498682E23,"WESTON_SOLUTIONS,_INC","CO","ENVIRONMENTAL_REMEDIATION",80000.0],[80202,451,7.05771717341983E20,"WESTON_SOLUTIONS,_INC","CO","ENVIRONMENTAL_REMEDIATION",25000.0],[80202,328,5.701432615442829E19,"WESTON_SOLUTIONS,_INC","CO","ENVIRONMENTAL_REMEDIATION",45000.0],[80202,468,6.4849328186393638E17,"WESTON_SOLUTIONS,_INC","CO","ENVIRONMENTAL_REMEDIATION",10000.0],[80202,188,3.83390869394621E24,"WESTON_SOLUTIONS,_INC","CO","ENVIRONMENTAL_REMEDIATION",100000.0],[80202,57,3.2061591780219117E21,"WESTON_SOLUTIONS,_INC","CO","ENVIRONMENTAL_REMEDIATION",10000.0],[80202,345,3.8446740126299095E18,"WESTON_SOLUTIONS,_INC","CO","ENVIRONMENTAL_REMEDIATION",9000.0],[80202,467,8.772524324895163E21,"WESTON_SOLUTIONS,_INC","CO","ENVIRONMENTAL_REMEDIATION",100000.0],[80202,361,6.6265449231948826E17,"WESTON_SOLUTIONS,_INC","CO","ENVIRONMENTAL_REMEDIATION",10000.0],[89193,190,4.251391914461584E23,"TETRA_TECH,_INC.","NV","ENVIRONMENTAL_REMEDIATION",86660.0],[92123,171,8.716034710055503E19,"AMEC_EARTH_&_ENVIRONMENTAL,_INC.","CA","AIR_QUALITY_SUPPORT",90000.0],[92123,384,6.078189464897859E20,"AMEC_EARTH_&_ENVIRONMENTAL,_INC.","CA","AIR_QUALITY_SUPPORT",68415.0],[94105,76,2.3657203507569548E25,"AMERICAN_SAMOA_GOVERNMENT_-_CARE_OF_DISPERSING_OFFICE","CA","WATER_QUALITY_SUPPORT",40000.0],[94105,242,7.798211485363989E21,"PEMY_CONSULTING_LLC","CA","ENVIRONMENTAL_CONSULTING_AND_LEGAL_SUPPORT",169480.0],[94105,241,6.0817764177349028E18,"PEMY_CONSULTING_LLC","CA","ENVIRONMENTAL_CONSULTING_AND_LEGAL_SUPPORT",99620.0],[97333,3,2.281099867222955E20,"EARTH_SMART_ENVIRONMENTAL_SOLUTIONS,_LLC","OR","ENVIRONMENTAL_REMEDIATION",4200.0],[98101,112,6.977047710122758E23,"ECOLOGY_AND_ENVIRONMENT,_INC.","WA","TOXIC_AND_HAZARDOUS_SUBSTANCE_ANALYSIS",50000.0],[98101,465,5.440673624847065E21,"ECOLOGY_AND_ENVIRONMENT,_INC.","WA","TOXIC_AND_HAZARDOUS_SUBSTANCE_ANALYSIS",90000.0],[98101,92,6.853215140316645E22,"ENVIRONMENTAL_QUALITY_MANAGEMENT,_INC","WA","ENVIRONMENTAL_REMEDIATION",855118.21],[98101,425,7.96151443816704E17,"ECOLOGY_AND_ENVIRONMENT,_INC.","WA","TOXIC_AND_HAZARDOUS_SUBSTANCE_ANALYSIS",27457.0],[98101,208,9.827770364509939E25,"ECOLOGY_AND_ENVIRONMENT,_INC.","WA","TOXIC_AND_HAZARDOUS_SUBSTANCE_ANALYSIS",77984.0],[98101,315,3.8030940736723255E20,"ENVIRONMENTAL_QUALITY_MANAGEMENT,_INC","WA","ENVIRONMENTAL_REMEDIATION",400000.0],[98101,443,8.0446487489302656E17,"ECOLOGY_AND_ENVIRONMENT,_INC.","WA","TOXIC_AND_HAZARDOUS_SUBSTANCE_ANALYSIS",250000.0],[98101,337,7.992499948546196E15,"ECOLOGY_AND_ENVIRONMENT,_INC.","WA","TOXIC_AND_HAZARDOUS_SUBSTANCE_ANALYSIS",1000000.0],[98101,99,8.478202144703275E21,"ENVIRONMENTAL_QUALITY_MANAGEMENT,_INC","WA","ENVIRONMENTAL_REMEDIATION",194000.0],[98101,80,6.516330321011054E20,"ENVIRONMENTAL_QUALITY_MANAGEMENT,_INC","WA","ENVIRONMENTAL_REMEDIATION",360000.0],[98101,1,2.355156781886493E20,"ECOLOGY_AND_ENVIRONMENT,_INC.","WA","TOXIC_AND_HAZARDOUS_SUBSTANCE_ANALYSIS",30000.0],[98101,122,6.548791744875532E23,"ENVIRONMENTAL_QUALITY_MANAGEMENT,_INC","WA","ENVIRONMENTAL_REMEDIATION",65000.0],[98101,206,9.776594821499011E18,"ECOLOGY_AND_ENVIRONMENT,_INC.","WA","TOXIC_AND_HAZARDOUS_SUBSTANCE_ANALYSIS",50000.0],[98101,72,6.33413560427911E23,"ENVIRONMENTAL_QUALITY_MANAGEMENT,_INC","WA","ENVIRONMENTAL_REMEDIATION",4300.0],[98101,201,9.375826854490072E21,"ENVIRONMENTAL_QUALITY_MANAGEMENT,_INC","WA","ENVIRONMENTAL_REMEDIATION",300000.0],[98101,79,9.240284146991463E21,"ECOLOGY_AND_ENVIRONMENT,_INC.","WA","TOXIC_AND_HAZARDOUS_SUBSTANCE_ANALYSIS",50000.0],[98101,209,1.024624844138E12,"ECOLOGY_AND_ENVIRONMENT,_INC.","WA","TOXIC_AND_HAZARDOUS_SUBSTANCE_ANALYSIS",705000.0],[98101,257,3.398580509479361E19,"BRYANT_CHRISTIE_INC.","WA","PESTICIDES_SUPPORT",100000.0],[98101,8,7.164564689324539E20,"ECOLOGY_AND_ENVIRONMENT,_INC.","WA","TOXIC_AND_HAZARDOUS_SUBSTANCE_ANALYSIS",20000.0],[98101,93,5.0440086139122278E18,"ENVIRONMENTAL_QUALITY_MANAGEMENT,_INC","WA","ENVIRONMENTAL_REMEDIATION",465000.0],[98101,96,8.933643571221838E23,"ENVIRONMENTAL_QUALITY_MANAGEMENT,_INC","WA","ENVIRONMENTAL_REMEDIATION",222000.0],[98101,161,2.9726457198074733E17,"ENVIRONMENTAL_QUALITY_MANAGEMENT,_INC","WA","ENVIRONMENTAL_REMEDIATION",21600.0],[98101,67,1.535222335585624E21,"ENVIRONMENTAL_QUALITY_MANAGEMENT,_INC","WA","ENVIRONMENTAL_REMEDIATION",121600.0],[98101,429,9.622124524710429E18,"ECOLOGY_AND_ENVIRONMENT,_INC.","WA","TOXIC_AND_HAZARDOUS_SUBSTANCE_ANALYSIS",36960.0],[98101,49,7.0450493969593375E22,"ECOLOGY_AND_ENVIRONMENT,_INC.","WA","TOXIC_AND_HAZARDOUS_SUBSTANCE_ANALYSIS",390000.0],[98101,68,5.0003405380662208E16,"ENVIRONMENTAL_QUALITY_MANAGEMENT,_INC","WA","ENVIRONMENTAL_REMEDIATION",42000.0],[98101,7,7.2901054103116467E17,"ECOLOGY_AND_ENVIRONMENT,_INC.","WA","TOXIC_AND_HAZARDOUS_SUBSTANCE_ANALYSIS",200000.0],[98101,14,4.539474271962958E20,"ECOLOGY_AND_ENVIRONMENT,_INC.","WA","TOXIC_AND_HAZARDOUS_SUBSTANCE_ANALYSIS",13500.0],[98101,231,3.1502451007702774E18,"ECOLOGY_AND_ENVIRONMENT,_INC.","WA","TOXIC_AND_HAZARDOUS_SUBSTANCE_ANALYSIS",50000.0],[98101,193,4.2320199481717872E16,"ECOLOGY_AND_ENVIRONMENT,_INC.","WA","TOXIC_AND_HAZARDOUS_SUBSTANCE_ANALYSIS",50000.0],[98101,232,7.760556464805659E19,"ECOLOGY_AND_ENVIRONMENT,_INC.","WA","TOXIC_AND_HAZARDOUS_SUBSTANCE_ANALYSIS",250000.0],[98101,300,3.490458384295564E23,"ENVIRONMENTAL_QUALITY_MANAGEMENT,_INC","WA","ENVIRONMENTAL_REMEDIATION",38500.0],[98101,149,9.562553306620332E22,"ENVIRONMENTAL_QUALITY_MANAGEMENT,_INC","WA","ENVIRONMENTAL_REMEDIATION",6000.0],[98101,440,3.6600757458244065E18,"ECOLOGY_AND_ENVIRONMENT,_INC.","WA","TOXIC_AND_HAZARDOUS_SUBSTANCE_ANALYSIS",378335.0],[98101,174,9.298146163661089E24,"ENVIRONMENTAL_QUALITY_MANAGEMENT,_INC","WA","ENVIRONMENTAL_REMEDIATION",104000.0],[98101,81,7.297831909404321E21,"ENVIRONMENTAL_QUALITY_MANAGEMENT,_INC","WA","ENVIRONMENTAL_REMEDIATION",194000.0],[98101,126,9.733173650462498E20,"ENVIRONMENTAL_QUALITY_MANAGEMENT,_INC","WA","ENVIRONMENTAL_REMEDIATION",450000.0],[98101,233,7.935221304539778E23,"ECOLOGY_AND_ENVIRONMENT,_INC.","WA","TOXIC_AND_HAZARDOUS_SUBSTANCE_ANALYSIS",100000.0],[98101,235,7.545945204539056E20,"ENVIRONMENTAL_QUALITY_MANAGEMENT,_INC","WA","ENVIRONMENTAL_REMEDIATION",214900.0],[98101,123,5.702682819630254E20,"ENVIRONMENTAL_QUALITY_MANAGEMENT,_INC","WA","ENVIRONMENTAL_REMEDIATION",90000.0],[98101,461,3.565945118259569E21,"ECOLOGY_AND_ENVIRONMENT,_INC.","WA","TOXIC_AND_HAZARDOUS_SUBSTANCE_ANALYSIS",120000.0]],"headers":["zip","FY15CLEAN","contract_id","vendor","state_1","type_of_work","obligated"],"rawHeaders":["ZIP","FY15CLEAN","CONTRACT_ID","VENDOR","STATE_1","TYPE_OF_WORK","OBLIGATED"]},"format":{"type":"TABLE"},"headerInfo":[{"alias":"zip","header":"zip","type":"NUMBER","derived":false},{"alias":"FY15CLEAN","header":"FY15CLEAN","type":"NUMBER","derived":false},{"alias":"contract_id","header":"contract_id","type":"NUMBER","derived":false},{"alias":"vendor","header":"vendor","type":"STRING","derived":false},{"alias":"state_1","header":"state_1","type":"STRING","derived":false},{"alias":"type_of_work","header":"type_of_work","type":"STRING","derived":false},{"alias":"obligated","header":"obligated","type":"NUMBER","derived":false}],"sortInfo":[],"numCollected":500,"taskOptions":{"0":{"layout":"Grid","alignment":{"label":["zip","FY15CLEAN","contract_id","vendor","state_1","type_of_work","obligated"]}}},"filterInfo":[],"taskId":"task1"},"operationType":["TASK_DATA"]}]}